<Animations>
  <Animation name="otherAnimation" frameCount="22">
    <Part name="body">
      <Frame x="0.50" y="0.40" scaleX="1.035" scaleY="0.950" index="0"/>
      <Frame x="0.50" y="0.40" scaleX="1.030" scaleY="0.957" index="1"/>
      <Frame x="0.50" y="0.40" scaleX="1.025" scaleY="0.964" index="2"/>
      <Frame x="0.50" y="0.40" scaleX="1.020" scaleY="0.971" index="3"/>
      <Frame x="0.50" y="0.45" scaleX="1.015" scaleY="0.978" index="4"/>
      <Frame x="0.50" y="0.45" scaleX="1.010" scaleY="0.986" index="5"/>
      <Frame x="0.50" y="0.45" scaleX="1.005" scaleY="0.993" index="6"/>
      <Frame x="0.50" y="0.45" index="7"/>
      <Frame x="0.50" y="0.45" index="8"/>
      <Frame x="0.50" y="0.45" rotation="1.262" index="9"/>
      <Frame x="0.50" y="0.45" rotation="2.524" index="10"/>
      <Frame x="0.50" y="0.45" rotation="3.787" index="11"/>
      <Frame x="0.50" y="0.45" rotation="5.192" index="12"/>
      <Frame x="0.50" y="0.45" index="13"/>
      <Frame x="0.50" y="0.45" rotation="-1.013" index="14"/>
      <Frame x="0.50" y="0.45" rotation="-2.026" index="15"/>
      <Frame x="0.45" y="0.40" rotation="-3.040" index="16"/>
      <Frame x="0.45" y="0.40" rotation="-4.212" index="17"/>
      <Frame x="0.50" y="0.45" index="18"/>
      <Frame x="0.50" y="2.30" scaleX="1.012" scaleY="0.973" index="19"/>
      <Frame x="0.50" y="4.15" scaleX="1.025" scaleY="0.946" index="20"/>
      <Frame x="0.50" y="0.45" index="21"/>
    </Part>
    <Part name="coinsHole">
      <Frame x="5.55" y="3.35" scaleX="1.016" scaleY="0.979" index="0"/>
      <Frame x="5.45" y="3.35" scaleX="1.014" scaleY="0.982" index="1"/>
      <Frame x="5.30" y="3.40" scaleX="1.011" scaleY="0.985" index="2"/>
      <Frame x="5.10" y="3.45" scaleX="1.009" scaleY="0.988" index="3"/>
      <Frame x="4.90" y="3.45" scaleX="1.007" scaleY="0.991" index="4"/>
      <Frame x="4.80" y="3.40" scaleX="1.005" scaleY="0.994" index="5"/>
      <Frame x="4.65" y="3.45" scaleX="1.002" scaleY="0.997" index="6"/>
      <Frame x="4.45" y="3.45" index="7"/>
      <Frame x="4.45" y="3.45" index="8"/>
      <Frame x="5.45" y="3.20" rotation="1.059" index="9"/>
      <Frame x="6.45" y="2.95" rotation="2.305" index="10"/>
      <Frame x="7.45" y="2.70" rotation="3.552" index="11"/>
      <Frame x="8.45" y="2.45" rotation="4.945" index="12"/>
      <Frame x="4.45" y="3.45" index="13"/>
      <Frame x="5.75" y="3.00" rotation="-1.525" index="14"/>
      <Frame x="7.00" y="2.50" rotation="-3.051" index="15"/>
      <Frame x="8.30" y="2.05" rotation="-4.765" index="16"/>
      <Frame x="9.55" y="1.55" rotation="-6.403" index="17"/>
      <Frame x="4.45" y="3.45" index="18"/>
      <Frame x="4.50" y="10.10" scaleX="1.099" scaleY="0.913" index="19"/>
      <Frame x="4.55" y="16.75" scaleX="1.197" scaleY="0.826" index="20"/>
      <Frame x="4.45" y="3.45" index="21"/>
    </Part>
    <Part name="lEar">
      <Frame x="-60.90" y="-33.85" scaleX="1.015" scaleY="0.978" rotation="16.697" index="0"/>
      <Frame x="-60.25" y="-33.90" scaleX="1.012" scaleY="0.981" rotation="14.278" index="1"/>
      <Frame x="-59.60" y="-33.95" scaleX="1.010" scaleY="0.984" rotation="11.803" index="2"/>
      <Frame x="-58.95" y="-33.90" scaleX="1.008" scaleY="0.987" rotation="9.517" index="3"/>
      <Frame x="-58.40" y="-33.95" scaleX="1.006" scaleY="0.990" rotation="7.043" index="4"/>
      <Frame x="-57.70" y="-34.00" scaleX="1.004" scaleY="0.994" rotation="4.758" index="5"/>
      <Frame x="-57.10" y="-34.00" scaleX="1.002" scaleY="0.997" rotation="2.286" index="6"/>
      <Frame x="-56.50" y="-34.05" index="7"/>
      <Frame x="-56.50" y="-34.05" index="8"/>
      <Frame x="-55.00" y="-37.40" rotation="1.529" index="9"/>
      <Frame x="-53.50" y="-40.80" rotation="3.058" index="10"/>
      <Frame x="-52.00" y="-44.15" rotation="4.776" index="11"/>
      <Frame x="-50.50" y="-47.55" rotation="6.467" index="12"/>
      <Frame x="-56.50" y="-34.05" index="13"/>
      <Frame x="-57.00" y="-33.75" rotation="-2.011" index="14"/>
      <Frame x="-57.50" y="-33.45" rotation="-4.023" index="15"/>
      <Frame x="-58.00" y="-33.20" rotation="-6.035" index="16"/>
      <Frame x="-58.50" y="-32.90" rotation="-8.178" index="17"/>
      <Frame x="-56.50" y="-34.05" index="18"/>
      <Frame x="-56.20" y="-18.65" scaleX="1.073" scaleY="1.032" rotation="-29.060" index="19"/>
      <Frame x="-55.95" y="-3.30" scaleX="1.149" scaleY="1.067" rotation="-58.123" index="20"/>
      <Frame x="-56.50" y="-34.05" index="21"/>
    </Part>
    <Part name="lEye">
      <Frame x="-30.30" y="-64.75" scaleX="0.581" scaleY="0.581" rotation="-5.677" index="19"/>
      <Frame x="-30.80" y="-50.75" index="20"/>
    </Part>
    <Part name="lEyeSimple">
      <Frame x="39.00" y="-67.10" scaleX="1.015" scaleY="0.978" index="0"/>
      <Frame x="38.85" y="-67.55" scaleX="1.013" scaleY="0.981" index="1"/>
      <Frame x="38.85" y="-68.05" scaleX="1.011" scaleY="0.985" index="2"/>
      <Frame x="38.75" y="-68.60" scaleX="1.008" scaleY="0.988" index="3"/>
      <Frame x="38.70" y="-69.05" scaleX="1.006" scaleY="0.991" index="4"/>
      <Frame x="38.60" y="-69.50" scaleX="1.004" scaleY="0.994" index="5"/>
      <Frame x="38.50" y="-70.00" scaleX="1.002" scaleY="0.997" index="6"/>
      <Frame x="38.45" y="-70.55" index="7"/>
      <Frame x="38.45" y="-70.55" index="8"/>
      <Frame x="40.45" y="-69.40" index="9"/>
      <Frame x="42.45" y="-68.30" index="10"/>
      <Frame x="44.45" y="-67.15" index="11"/>
      <Frame x="46.45" y="-66.05" index="12"/>
      <Frame x="38.45" y="-70.55" index="13"/>
      <Frame x="36.10" y="-71.95" rotation="-6.041" index="14"/>
      <Frame x="33.75" y="-73.40" scaleX="0.999" scaleY="0.999" rotation="-12.273" index="15"/>
      <Frame x="31.40" y="-74.80" scaleX="0.999" scaleY="0.999" rotation="-18.321" index="16"/>
      <Frame x="29.05" y="-76.25" rotation="-24.616" index="17"/>
      <Frame x="38.45" y="-70.55" index="18"/>
    </Part>
    <Part name="lHand">
      <Frame x="-63.70" y="-57.50" scaleX="1.035" scaleY="0.950" rotation="-6.850" index="0"/>
      <Frame x="-63.40" y="-57.95" scaleX="1.030" scaleY="0.957" rotation="-5.781" index="1"/>
      <Frame x="-63.05" y="-58.35" scaleX="1.025" scaleY="0.964" rotation="-4.786" index="2"/>
      <Frame x="-62.75" y="-58.85" scaleX="1.020" scaleY="0.971" rotation="-3.791" index="3"/>
      <Frame x="-62.40" y="-59.25" scaleX="1.015" scaleY="0.978" rotation="-2.797" index="4"/>
      <Frame x="-62.15" y="-59.70" scaleX="1.010" scaleY="0.985" rotation="-1.803" index="5"/>
      <Frame x="-61.80" y="-60.10" scaleX="1.005" scaleY="0.993" rotation="-0.808" index="6"/>
      <Frame x="-61.50" y="-60.55" index="7"/>
      <Frame x="-61.50" y="-60.55" index="8"/>
      <Frame x="-61.25" y="-56.80" scaleX="1.014" scaleY="0.980" rotation="-6.300" index="9"/>
      <Frame x="-60.95" y="-53.05" scaleX="1.028" scaleY="0.961" rotation="-12.790" index="10"/>
      <Frame x="-60.75" y="-49.30" scaleX="1.041" scaleY="0.941" rotation="-19.285" index="11"/>
      <Frame x="-60.50" y="-45.55" scaleX="1.056" scaleY="0.923" rotation="-25.744" index="12"/>
      <Frame x="-61.50" y="-60.55" index="13"/>
      <Frame x="-63.30" y="-59.65" scaleX="1.012" scaleY="1.014" rotation="-2.507" index="14"/>
      <Frame x="-65.20" y="-58.70" scaleX="1.024" scaleY="1.028" rotation="-5.015" index="15"/>
      <Frame x="-67.10" y="-57.80" scaleX="1.036" scaleY="1.042" rotation="-7.523" index="16"/>
      <Frame x="-68.95" y="-56.90" scaleX="1.048" scaleY="1.057" rotation="-10.110" index="17"/>
      <Frame x="-61.50" y="-60.55" index="18"/>
      <Frame x="-65.75" y="-51.85" scaleX="1.107" scaleY="0.976" rotation="-13.524" index="19"/>
      <Frame x="-70.05" y="-43.10" scaleX="1.215" scaleY="0.954" rotation="-27.109" index="20"/>
      <Frame x="-61.50" y="-60.55" index="21"/>
    </Part>
    <Part name="lLeg">
      <Frame x="-38.30" y="68.70" scaleX="1.035" scaleY="0.950" rotation="-2.403" index="0"/>
      <Frame x="-38.10" y="69.70" scaleX="1.030" scaleY="0.957" rotation="-2.016" index="1"/>
      <Frame x="-37.90" y="70.75" scaleX="1.025" scaleY="0.964" rotation="-1.554" index="2"/>
      <Frame x="-37.75" y="71.80" scaleX="1.020" scaleY="0.971" rotation="-1.281" index="3"/>
      <Frame x="-37.55" y="72.80" scaleX="1.015" scaleY="0.978" rotation="-1.008" index="4"/>
      <Frame x="-37.40" y="73.85" scaleX="1.010" scaleY="0.986" rotation="-0.547" index="5"/>
      <Frame x="-37.20" y="74.85" scaleX="1.005" scaleY="0.993" rotation="-0.275" index="6"/>
      <Frame x="-37.00" y="75.95" index="7"/>
      <Frame x="-37.00" y="75.95" index="8"/>
      <Frame x="-37.95" y="73.15" rotation="1.794" index="9"/>
      <Frame x="-38.90" y="70.40" rotation="3.775" index="10"/>
      <Frame x="-39.85" y="67.60" rotation="5.757" index="11"/>
      <Frame x="-40.80" y="64.80" rotation="7.694" index="12"/>
      <Frame x="-37.00" y="75.95" index="13"/>
      <Frame x="-33.60" y="77.70" rotation="-1.794" index="14"/>
      <Frame x="-30.15" y="79.40" rotation="-3.775" index="15"/>
      <Frame x="-26.75" y="81.15" rotation="-5.757" index="16"/>
      <Frame x="-23.35" y="82.85" rotation="-7.694" index="17"/>
      <Frame x="-37.00" y="75.95" index="18"/>
      <Frame x="-36.20" y="71.15" scaleX="1.047" scaleY="0.991" rotation="-6.280" index="19"/>
      <Frame x="-35.45" y="66.20" scaleX="1.095" scaleY="0.983" rotation="-12.722" index="20"/>
      <Frame x="-37.00" y="75.95" index="21"/>
    </Part>
    <Part name="nose">
      <Frame x="1.55" y="-90.70" scaleX="1.085" scaleY="0.950" index="0"/>
      <Frame x="1.55" y="-91.45" scaleX="1.073" scaleY="0.957" index="1"/>
      <Frame x="1.50" y="-92.15" scaleX="1.061" scaleY="0.964" index="2"/>
      <Frame x="1.55" y="-92.80" scaleX="1.049" scaleY="0.971" index="3"/>
      <Frame x="1.50" y="-93.45" scaleX="1.037" scaleY="0.978" index="4"/>
      <Frame x="1.45" y="-94.20" scaleX="1.024" scaleY="0.986" index="5"/>
      <Frame x="1.50" y="-94.90" scaleX="1.012" scaleY="0.993" index="6"/>
      <Frame x="1.50" y="-95.55" index="7"/>
      <Frame x="1.50" y="-95.55" index="8"/>
      <Frame x="3.65" y="-95.40" rotation="1.296" index="9"/>
      <Frame x="5.80" y="-95.30" rotation="2.779" index="10"/>
      <Frame x="7.90" y="-95.15" rotation="4.263" index="11"/>
      <Frame x="10.05" y="-95.05" rotation="5.730" index="12"/>
      <Frame x="1.50" y="-95.55" index="13"/>
      <Frame x="-0.90" y="-95.25" rotation="-1.013" index="14"/>
      <Frame x="-3.30" y="-94.95" rotation="-2.026" index="15"/>
      <Frame x="-5.75" y="-94.70" rotation="-3.040" index="16"/>
      <Frame x="-8.15" y="-94.40" rotation="-4.212" index="17"/>
      <Frame x="1.50" y="-95.55" index="18"/>
      <Frame x="1.50" y="-87.90" scaleX="1.199" scaleY="1.247" rotation="1.527" index="19"/>
      <Frame x="1.50" y="-80.30" scaleX="1.399" scaleY="1.495" rotation="3.212" index="20"/>
      <Frame x="1.50" y="-95.55" index="21"/>
    </Part>
    <Part name="rEar">
      <Frame x="62.85" y="-34.85" scaleX="1.015" scaleY="0.978" rotation="-14.955" index="0"/>
      <Frame x="62.20" y="-34.85" scaleX="1.012" scaleY="0.981" rotation="-12.777" index="1"/>
      <Frame x="61.60" y="-34.70" scaleX="1.010" scaleY="0.984" rotation="-10.552" index="2"/>
      <Frame x="60.90" y="-34.50" scaleX="1.008" scaleY="0.987" rotation="-8.516" index="3"/>
      <Frame x="60.40" y="-34.40" scaleX="1.006" scaleY="0.990" rotation="-6.292" index="4"/>
      <Frame x="59.70" y="-34.35" scaleX="1.004" scaleY="0.994" rotation="-4.257" index="5"/>
      <Frame x="59.10" y="-34.15" scaleX="1.002" scaleY="0.997" rotation="-2.035" index="6"/>
      <Frame x="58.45" y="-34.05" index="7"/>
      <Frame x="58.45" y="-34.05" index="8"/>
      <Frame x="60.20" y="-33.15" rotation="3.781" index="9"/>
      <Frame x="61.95" y="-32.30" rotation="7.564" index="10"/>
      <Frame x="63.70" y="-31.40" scaleX="0.999" scaleY="0.999" rotation="11.536" index="11"/>
      <Frame x="65.45" y="-30.55" rotation="15.485" index="12"/>
      <Frame x="58.45" y="-34.05" index="13"/>
      <Frame x="57.65" y="-37.60" rotation="-2.291" index="14"/>
      <Frame x="56.80" y="-41.15" rotation="-4.771" index="15"/>
      <Frame x="56.00" y="-44.75" rotation="-7.064" index="16"/>
      <Frame x="55.15" y="-48.30" rotation="-9.658" index="17"/>
      <Frame x="58.45" y="-34.05" index="18"/>
      <Frame x="59.90" y="-19.65" scaleX="1.059" scaleY="1.020" rotation="32.813" index="19"/>
      <Frame x="61.40" y="-5.25" scaleX="1.121" scaleY="1.043" rotation="65.565" index="20"/>
      <Frame x="58.45" y="-34.05" index="21"/>
    </Part>
    <Part name="rEye">
      <Frame x="36.15" y="-67.25" scaleX="0.582" scaleY="0.582" rotation="-166.511" index="19"/>
      <Frame x="34.65" y="-49.75" rotation="-180.000" index="20"/>
    </Part>
    <Part name="rEyeSimple">
      <Frame x="-32.50" y="-68.05" scaleX="1.015" scaleY="0.978" index="0"/>
      <Frame x="-32.45" y="-68.55" scaleX="1.013" scaleY="0.981" index="1"/>
      <Frame x="-32.30" y="-69.10" scaleX="1.011" scaleY="0.985" index="2"/>
      <Frame x="-32.30" y="-69.55" scaleX="1.008" scaleY="0.988" index="3"/>
      <Frame x="-32.20" y="-70.05" scaleX="1.006" scaleY="0.991" index="4"/>
      <Frame x="-32.10" y="-70.60" scaleX="1.004" scaleY="0.994" index="5"/>
      <Frame x="-32.05" y="-71.05" scaleX="1.002" scaleY="0.997" index="6"/>
      <Frame x="-32.00" y="-71.55" index="7"/>
      <Frame x="-32.00" y="-71.55" index="8"/>
      <Frame x="-29.00" y="-72.55" rotation="6.543" index="9"/>
      <Frame x="-26.00" y="-73.55" scaleX="0.999" scaleY="0.999" rotation="13.279" index="10"/>
      <Frame x="-23.00" y="-74.55" scaleX="0.999" scaleY="0.999" rotation="19.831" index="11"/>
      <Frame x="-20.00" y="-75.55" rotation="26.650" index="12"/>
      <Frame x="-32.00" y="-71.55" index="13"/>
      <Frame x="-33.45" y="-70.80" rotation="-1.013" index="14"/>
      <Frame x="-34.90" y="-70.00" rotation="-2.026" index="15"/>
      <Frame x="-36.35" y="-69.25" rotation="-3.040" index="16"/>
      <Frame x="-37.80" y="-68.50" rotation="-4.212" index="17"/>
      <Frame x="-32.00" y="-71.55" index="18"/>
    </Part>
    <Part name="rHand">
      <Frame x="65.15" y="-57.50" scaleX="1.035" scaleY="0.950" rotation="8.596" index="0"/>
      <Frame x="64.90" y="-57.95" scaleX="1.030" scaleY="0.956" rotation="7.282" index="1"/>
      <Frame x="64.50" y="-58.35" scaleX="1.025" scaleY="0.964" rotation="6.038" index="2"/>
      <Frame x="64.25" y="-58.80" scaleX="1.020" scaleY="0.971" rotation="4.792" index="3"/>
      <Frame x="63.90" y="-59.20" scaleX="1.015" scaleY="0.978" rotation="3.547" index="4"/>
      <Frame x="63.60" y="-59.75" scaleX="1.010" scaleY="0.985" rotation="2.301" index="5"/>
      <Frame x="63.35" y="-60.10" scaleX="1.005" scaleY="0.993" rotation="1.056" index="6"/>
      <Frame x="62.95" y="-60.55" index="7"/>
      <Frame x="62.95" y="-60.55" index="8"/>
      <Frame x="66.95" y="-61.15" rotation="3.002" index="9"/>
      <Frame x="70.95" y="-61.80" rotation="6.003" index="10"/>
      <Frame x="74.95" y="-62.40" rotation="9.007" index="11"/>
      <Frame x="78.95" y="-63.05" rotation="12.014" index="12"/>
      <Frame x="62.95" y="-60.55" index="13"/>
      <Frame x="61.95" y="-58.30" rotation="5.564" index="14"/>
      <Frame x="61.00" y="-56.05" scaleX="0.999" scaleY="0.999" rotation="11.318" index="15"/>
      <Frame x="60.00" y="-53.85" scaleX="0.999" scaleY="0.999" rotation="17.076" index="16"/>
      <Frame x="59.00" y="-51.60" rotation="22.990" index="17"/>
      <Frame x="62.95" y="-60.55" index="18"/>
      <Frame x="69.45" y="-53.70" scaleX="1.076" scaleY="0.977" rotation="14.765" index="19"/>
      <Frame x="75.95" y="-46.90" scaleX="1.154" scaleY="0.956" rotation="29.527" index="20"/>
      <Frame x="62.95" y="-60.55" index="21"/>
    </Part>
    <Part name="rLeg">
      <Frame x="42.90" y="67.70" scaleX="1.035" scaleY="0.950" rotation="2.863" index="0"/>
      <Frame x="42.70" y="68.70" scaleX="1.030" scaleY="0.957" rotation="2.302" index="1"/>
      <Frame x="42.55" y="69.75" scaleX="1.025" scaleY="0.964" rotation="2.013" index="2"/>
      <Frame x="42.25" y="70.80" scaleX="1.020" scaleY="0.971" rotation="1.534" index="3"/>
      <Frame x="42.05" y="71.80" scaleX="1.015" scaleY="0.978" rotation="1.056" index="4"/>
      <Frame x="41.90" y="72.90" scaleX="1.010" scaleY="0.986" rotation="0.768" index="5"/>
      <Frame x="41.65" y="73.85" scaleX="1.005" scaleY="0.993" rotation="0.290" index="6"/>
      <Frame x="41.45" y="74.95" index="7"/>
      <Frame x="41.45" y="74.95" index="8"/>
      <Frame x="38.60" y="75.40" rotation="1.794" index="9"/>
      <Frame x="35.80" y="75.90" rotation="3.775" index="10"/>
      <Frame x="32.95" y="76.35" rotation="5.757" index="11"/>
      <Frame x="30.10" y="76.80" rotation="7.694" index="12"/>
      <Frame x="41.45" y="74.95" index="13"/>
      <Frame x="43.85" y="72.75" scaleY="0.989" rotation="-2.544" index="14"/>
      <Frame x="46.25" y="70.60" scaleY="0.978" rotation="-5.276" index="15"/>
      <Frame x="48.60" y="68.40" scaleY="0.967" rotation="-8.008" index="16"/>
      <Frame x="51.00" y="66.20" scaleY="0.957" rotation="-10.693" index="17"/>
      <Frame x="41.45" y="74.95" index="18"/>
      <Frame x="40.20" y="70.35" scaleX="1.044" scaleY="0.991" rotation="5.026" index="19"/>
      <Frame x="38.95" y="65.75" scaleX="1.088" scaleY="0.983" rotation="10.200" index="20"/>
      <Frame x="41.45" y="74.95" index="21"/>
    </Part>
    <Part name="tail">
      <Frame x="5.15" y="64.30" scaleX="1.035" scaleY="0.840" index="0"/>
      <Frame x="5.05" y="64.70" scaleX="1.030" scaleY="0.863" index="1"/>
      <Frame x="4.90" y="65.05" scaleX="1.025" scaleY="0.886" index="2"/>
      <Frame x="4.85" y="65.45" scaleX="1.020" scaleY="0.909" index="3"/>
      <Frame x="4.80" y="65.80" scaleX="1.015" scaleY="0.932" index="4"/>
      <Frame x="4.70" y="66.20" scaleX="1.010" scaleY="0.954" index="5"/>
      <Frame x="4.55" y="66.55" scaleX="1.005" scaleY="0.977" index="6"/>
      <Frame x="4.50" y="66.95" index="7"/>
      <Frame x="4.50" y="66.95" index="8"/>
      <Frame x="4.50" y="66.95" rotation="1.045" index="9"/>
      <Frame x="4.50" y="66.95" rotation="2.277" index="10"/>
      <Frame x="4.50" y="66.95" rotation="3.510" index="11"/>
      <Frame x="4.50" y="66.95" rotation="4.718" index="12"/>
      <Frame x="4.50" y="66.95" index="13"/>
      <Frame x="6.30" y="66.85" rotation="-1.013" index="14"/>
      <Frame x="8.15" y="66.70" rotation="-2.026" index="15"/>
      <Frame x="9.95" y="66.60" rotation="-3.040" index="16"/>
      <Frame x="11.75" y="66.45" rotation="-4.212" index="17"/>
      <Frame x="4.50" y="66.95" index="18"/>
      <Frame x="4.55" y="66.40" scaleX="1.066" scaleY="1.042" rotation="1.027" index="19"/>
      <Frame x="4.60" y="65.85" scaleX="1.131" scaleY="1.085" rotation="2.215" index="20"/>
      <Frame x="4.50" y="66.95" index="21"/>
    </Part>
  </Animation>
  <Animation name="testFrames" frameCount="7">
    <Part name="body">
      <Frame x="0.50" y="0.45" index="0"/>
      <Frame x="0.50" y="0.45" scaleX="1.005" scaleY="0.993" index="1"/>
      <Frame x="0.50" y="0.45" scaleX="1.010" scaleY="0.986" index="2"/>
      <Frame x="0.50" y="0.45" scaleX="1.015" scaleY="0.978" index="3"/>
      <Frame x="0.50" y="0.40" scaleX="1.020" scaleY="0.971" index="4"/>
      <Frame x="0.50" y="0.40" scaleX="1.025" scaleY="0.964" index="5"/>
      <Frame x="0.50" y="0.40" scaleX="1.030" scaleY="0.957" index="6"/>
    </Part>
    <Part name="coinsHole">
      <Frame x="4.45" y="3.45" index="0"/>
      <Frame x="4.60" y="3.45" scaleX="1.002" scaleY="0.997" index="1"/>
      <Frame x="4.75" y="3.40" scaleX="1.005" scaleY="0.994" index="2"/>
      <Frame x="4.90" y="3.40" scaleX="1.007" scaleY="0.991" index="3"/>
      <Frame x="5.10" y="3.40" scaleX="1.009" scaleY="0.988" index="4"/>
      <Frame x="5.25" y="3.40" scaleX="1.011" scaleY="0.985" index="5"/>
      <Frame x="5.40" y="3.35" scaleX="1.014" scaleY="0.982" index="6"/>
    </Part>
    <Part name="lEar">
      <Frame x="-56.50" y="-34.05" index="0"/>
      <Frame x="-57.15" y="-34.00" scaleX="1.002" scaleY="0.997" rotation="2.285" index="1"/>
      <Frame x="-57.75" y="-34.00" scaleX="1.004" scaleY="0.994" rotation="4.757" index="2"/>
      <Frame x="-58.40" y="-33.90" scaleX="1.006" scaleY="0.990" rotation="7.042" index="3"/>
      <Frame x="-59.00" y="-33.95" scaleX="1.008" scaleY="0.987" rotation="9.516" index="4"/>
      <Frame x="-59.65" y="-33.95" scaleX="1.010" scaleY="0.984" rotation="11.802" index="5"/>
      <Frame x="-60.25" y="-33.90" scaleX="1.012" scaleY="0.981" rotation="14.277" index="6"/>
    </Part>
    <Part name="lEye"/>
    <Part name="lEyeSimple">
      <Frame x="38.45" y="-70.55" index="0"/>
      <Frame x="38.55" y="-70.05" scaleX="1.002" scaleY="0.997" index="1"/>
      <Frame x="38.60" y="-69.55" scaleX="1.004" scaleY="0.994" index="2"/>
      <Frame x="38.70" y="-69.05" scaleX="1.006" scaleY="0.991" index="3"/>
      <Frame x="38.75" y="-68.60" scaleX="1.008" scaleY="0.988" index="4"/>
      <Frame x="38.85" y="-68.10" scaleX="1.011" scaleY="0.985" index="5"/>
      <Frame x="38.90" y="-67.60" scaleX="1.013" scaleY="0.981" index="6"/>
    </Part>
    <Part name="lHand">
      <Frame x="-61.50" y="-60.55" index="0"/>
      <Frame x="-61.80" y="-60.10" scaleX="1.005" scaleY="0.993" rotation="-0.807" index="1"/>
      <Frame x="-62.20" y="-59.70" scaleX="1.010" scaleY="0.986" rotation="-1.803" index="2"/>
      <Frame x="-62.50" y="-59.25" scaleX="1.015" scaleY="0.978" rotation="-2.797" index="3"/>
      <Frame x="-62.75" y="-58.80" scaleX="1.020" scaleY="0.971" rotation="-3.791" index="4"/>
      <Frame x="-63.05" y="-58.40" scaleX="1.025" scaleY="0.964" rotation="-4.786" index="5"/>
      <Frame x="-63.40" y="-57.95" scaleX="1.030" scaleY="0.957" rotation="-5.782" index="6"/>
    </Part>
    <Part name="lLeg">
      <Frame x="-37.00" y="75.95" index="0"/>
      <Frame x="-37.20" y="74.90" scaleX="1.005" scaleY="0.993" rotation="-0.274" index="1"/>
      <Frame x="-37.35" y="73.90" scaleX="1.010" scaleY="0.986" rotation="-0.546" index="2"/>
      <Frame x="-37.55" y="72.85" scaleX="1.015" scaleY="0.978" rotation="-1.007" index="3"/>
      <Frame x="-37.75" y="71.80" scaleX="1.020" scaleY="0.971" rotation="-1.281" index="4"/>
      <Frame x="-37.95" y="70.80" scaleX="1.025" scaleY="0.964" rotation="-1.554" index="5"/>
      <Frame x="-38.15" y="69.75" scaleX="1.030" scaleY="0.957" rotation="-2.015" index="6"/>
    </Part>
    <Part name="nose">
      <Frame x="1.50" y="-95.55" index="0"/>
      <Frame x="1.50" y="-94.85" scaleX="1.012" scaleY="0.993" index="1"/>
      <Frame x="1.50" y="-94.15" scaleX="1.024" scaleY="0.986" index="2"/>
      <Frame x="1.50" y="-93.45" scaleX="1.037" scaleY="0.978" index="3"/>
      <Frame x="1.55" y="-92.80" scaleX="1.049" scaleY="0.971" index="4"/>
      <Frame x="1.55" y="-92.10" scaleX="1.061" scaleY="0.964" index="5"/>
      <Frame x="1.55" y="-91.40" scaleX="1.073" scaleY="0.957" index="6"/>
    </Part>
    <Part name="rEar">
      <Frame x="58.45" y="-34.05" index="0"/>
      <Frame x="59.15" y="-34.15" scaleX="1.002" scaleY="0.997" rotation="-2.034" index="1"/>
      <Frame x="59.70" y="-34.30" scaleX="1.004" scaleY="0.994" rotation="-4.256" index="2"/>
      <Frame x="60.40" y="-34.35" scaleX="1.006" scaleY="0.990" rotation="-6.292" index="3"/>
      <Frame x="60.95" y="-34.45" scaleX="1.008" scaleY="0.987" rotation="-8.516" index="4"/>
      <Frame x="61.65" y="-34.65" scaleX="1.010" scaleY="0.984" rotation="-10.552" index="5"/>
      <Frame x="62.20" y="-34.75" scaleX="1.012" scaleY="0.981" rotation="-12.777" index="6"/>
    </Part>
    <Part name="rEye"/>
    <Part name="rEyeSimple">
      <Frame x="-32.00" y="-71.55" index="0"/>
      <Frame x="-32.05" y="-71.05" scaleX="1.002" scaleY="0.997" index="1"/>
      <Frame x="-32.15" y="-70.55" scaleX="1.004" scaleY="0.994" index="2"/>
      <Frame x="-32.20" y="-70.05" scaleX="1.006" scaleY="0.991" index="3"/>
      <Frame x="-32.30" y="-69.55" scaleX="1.008" scaleY="0.988" index="4"/>
      <Frame x="-32.35" y="-69.05" scaleX="1.011" scaleY="0.985" index="5"/>
      <Frame x="-32.45" y="-68.55" scaleX="1.013" scaleY="0.981" index="6"/>
    </Part>
    <Part name="rHand">
      <Frame x="62.95" y="-60.55" index="0"/>
      <Frame x="63.25" y="-60.10" scaleX="1.005" scaleY="0.993" rotation="1.057" index="1"/>
      <Frame x="63.55" y="-59.65" scaleX="1.010" scaleY="0.985" rotation="2.302" index="2"/>
      <Frame x="63.90" y="-59.25" scaleX="1.015" scaleY="0.978" rotation="3.547" index="3"/>
      <Frame x="64.20" y="-58.80" scaleX="1.020" scaleY="0.971" rotation="4.791" index="4"/>
      <Frame x="64.55" y="-58.35" scaleX="1.025" scaleY="0.964" rotation="6.037" index="5"/>
      <Frame x="64.85" y="-57.90" scaleX="1.030" scaleY="0.956" rotation="7.283" index="6"/>
    </Part>
    <Part name="rLeg">
      <Frame x="41.45" y="74.95" index="0"/>
      <Frame x="41.65" y="73.90" scaleX="1.005" scaleY="0.993" rotation="0.290" index="1"/>
      <Frame x="41.85" y="72.90" scaleX="1.010" scaleY="0.986" rotation="0.767" index="2"/>
      <Frame x="42.05" y="71.80" scaleX="1.015" scaleY="0.978" rotation="1.057" index="3"/>
      <Frame x="42.25" y="70.80" scaleX="1.020" scaleY="0.971" rotation="1.534" index="4"/>
      <Frame x="42.50" y="69.75" scaleX="1.025" scaleY="0.964" rotation="2.011" index="5"/>
      <Frame x="42.70" y="68.80" scaleX="1.030" scaleY="0.957" rotation="2.301" index="6"/>
    </Part>
    <Part name="tail">
      <Frame x="4.50" y="66.95" index="0"/>
      <Frame x="4.60" y="66.55" scaleX="1.005" scaleY="0.977" index="1"/>
      <Frame x="4.70" y="66.20" scaleX="1.010" scaleY="0.954" index="2"/>
      <Frame x="4.80" y="65.80" scaleX="1.015" scaleY="0.932" index="3"/>
      <Frame x="4.85" y="65.45" scaleX="1.020" scaleY="0.909" index="4"/>
      <Frame x="4.95" y="65.05" scaleX="1.025" scaleY="0.886" index="5"/>
      <Frame x="5.05" y="64.70" scaleX="1.030" scaleY="0.863" index="6"/>
    </Part>
  </Animation>
</Animations>